{
  "training_config": {
    "data_dir": "/workspaces/ruv-FANN/ruv-swarm/training-data/splits/lstm",
    "model_dir": "/workspaces/ruv-FANN/ruv-swarm/models/lstm-coding-optimizer",
    "vocab_size": 50000,
    "hidden_size": 256,
    "num_layers": 2,
    "dropout": 0.2,
    "learning_rate": 0.001,
    "batch_size": 32,
    "num_epochs": 100,
    "max_length": 100,
    "cognitive_pattern": "hybrid",
    "target_accuracy": 0.85
  },
  "training_metrics": {
    "train_losses": [
      2.608246391955485,
      2.471605557125047,
      2.375145769208233,
      2.268116054365923,
      2.130774669863743,
      2.0858051303849288,
      1.9773856063720223,
      1.8765234328158469,
      1.777608105258532,
      1.679105978886099,
      1.617223924451598,
      1.5338034849330506,
      1.4740301467154664,
      1.3943809298553873,
      1.3339969562889555,
      1.290225400038781,
      1.2316612370580045,
      1.1759709278551154,
      1.1123378439497082,
      1.0978752631598871,
      1.048178980012399,
      0.9526864135641628,
      0.9603117071228179,
      0.8698356900413671,
      0.865751818303982
    ],
    "val_losses": [
      2.9194864823713123,
      2.816968602178461,
      2.738600612446107,
      2.644420801399355,
      2.558744411946954,
      2.430153573701015,
      2.3737604235639447,
      2.2455858374048803,
      2.2007625934922377,
      2.088792410544744,
      1.9946822809687454,
      2.018343468104201,
      1.8548421010182978,
      1.7677717198895824,
      1.7545837531605726,
      1.7273541726419819,
      1.636920101641277,
      1.6129822564668883,
      1.520852726085617,
      1.4819100589521412,
      1.3739817711200373,
      1.3524456004747833,
      1.2886343714545496,
      1.3022934320047694,
      1.2057280846418459
    ],
    "val_accuracies": [
      0.006228783567173663,
      0.0889903470708757,
      0.14448153157736104,
      0.22365246985311743,
      0.27098721474522536,
      0.3379021500950778,
      0.377350684380979,
      0.40945589238566554,
      0.48063361412414257,
      0.5083656724777973,
      0.5578899628896263,
      0.5872433841602429,
      0.6186143622941552,
      0.6380306995371127,
      0.6599542269298666,
      0.6927149466185643,
      0.7196546087978519,
      0.7430952297078638,
      0.7527533517129893,
      0.7872607268976454,
      0.7871531354624781,
      0.8120757742762322,
      0.8257769306588834,
      0.833080747745817,
      0.8611199122185584
    ],
    "cognitive_patterns": {
      "convergent": [
        0.005916319017142718,
        0.08599936348406377,
        0.13869227027056638,
        0.20806716210403592,
        0.24883608858058429,
        0.33389960353465,
        0.3465672567341778,
        0.3852442427579658,
        0.4480401187337423,
        0.4657689072270188,
        0.53561564241977,
        0.5566855908575757,
        0.5901993701140121,
        0.6060475039963443,
        0.6020261131772586,
        0.6672033169019416,
        0.6924124434793288,
        0.7064119733779926,
        0.7115088011046762,
        0.750107372400962,
        0.7280283827472865,
        0.7536996029010373,
        0.7807946368899914,
        0.7951083499144564,
        0.8040481311702631
      ],
      "divergent": [
        0.005573843203960711,
        0.08018192197979963,
        0.12676915936549052,
        0.19861639418775706,
        0.23229313759728898,
        0.285793244069473,
        0.32632960774376957,
        0.36262047437214,
        0.42538657438766087,
        0.4347321991076653,
        0.48094795859957234,
        0.5133470848052436,
        0.5446920289260653,
        0.5536238716973176,
        0.5779694874372359,
        0.623687018799373,
        0.6439969839366538,
        0.6686081618233813,
        0.6729520519204188,
        0.6768337405924982,
        0.6935305467454862,
        0.7313508594247563,
        0.6937095712772624,
        0.6878664132685169,
        0.7744408522254926
      ],
      "hybrid": [
        0.006246042658812788,
        0.08639182252322312,
        0.1401559285254428,
        0.21292274728858737,
        0.2559918775358194,
        0.33092325481628876,
        0.3586190991916382,
        0.3979876557774425,
        0.467111565799362,
        0.4955637482211329,
        0.5459337082989882,
        0.5569213893523849,
        0.6120131750362456,
        0.611229457225375,
        0.6581871349538333,
        0.6747321702945283,
        0.6950380133743459,
        0.7129733824810224,
        0.7339688295823847,
        0.7546258172697045,
        0.7618845729485453,
        0.7662781504679593,
        0.7931929743841449,
        0.7912041234036107,
        0.8388591432383987
      ]
    }
  },
  "best_accuracy": 0.8611199122185584,
  "final_accuracy": 0.8611199122185584,
  "total_epochs": 25,
  "target_achieved": true,
  "training_completed": "2025-06-30T13:49:10.053795"
}