{
  "training_completed": true,
  "final_coordination_accuracy": 0.0,
  "final_diversity_score": 0.9251588582992554,
  "training_history": {
    "train_loss": [
      0.13392530381679535,
      0.15401913225650787,
      0.18826788663864136,
      0.19341300427913666,
      0.24621573463082314,
      0.2879134900867939,
      0.3356633633375168,
      0.3858695961534977,
      0.4276377148926258,
      0.4825037345290184,
      0.5905458778142929,
      0.6104146018624306,
      0.6335313841700554,
      0.6603433936834335,
      0.7184314429759979
    ],
    "val_loss": [
      0.5926116108894348,
      0.30296194553375244,
      0.14817556738853455,
      0.09386738389730453,
      0.16310781240463257,
      0.19092218577861786,
      0.216999351978302,
      0.15424558520317078,
      0.15264953672885895,
      0.14547893404960632,
      0.11763319373130798,
      0.09772621095180511,
      0.12989769876003265,
      0.20100094377994537,
      0.22496572136878967
    ],
    "coordination_accuracy": [
      0.0,
      0.0,
      0.0,
      0.0,
      0.0,
      0.0,
      0.0,
      0.0,
      0.0,
      0.0,
      0.0,
      0.0,
      0.0,
      0.0,
      0.0
    ],
    "diversity_score": [
      0.9817173480987549,
      0.9808083772659302,
      0.9807441234588623,
      0.9785146117210388,
      0.9750479459762573,
      0.9711339473724365,
      0.9684971570968628,
      0.9670708179473877,
      0.9662749767303467,
      0.9660553336143494,
      0.9568144083023071,
      0.9474555253982544,
      0.9386014938354492,
      0.9309959411621094,
      0.9251588582992554
    ],
    "learning_rates": [
      {
        "task": 0.00019510565162951537,
        "agent": 9.755282581475769e-05,
        "load": 0.0004877641290737884,
        "diversity": 0.00029265847744427303,
        "meta": 0.00019510565162951537,
        "fusion": 9.755282581475769e-05
      },
      {
        "task": 0.00018090169943749476,
        "agent": 9.045084971874738e-05,
        "load": 0.0004522542485937369,
        "diversity": 0.0002713525491562421,
        "meta": 0.00018090169943749476,
        "fusion": 9.045084971874738e-05
      },
      {
        "task": 0.00015877852522924732,
        "agent": 7.938926261462366e-05,
        "load": 0.0003969463130731183,
        "diversity": 0.00023816778784387094,
        "meta": 0.00015877852522924732,
        "fusion": 7.938926261462366e-05
      },
      {
        "task": 0.00013090169943749476,
        "agent": 6.545084971874738e-05,
        "load": 0.00032725424859373687,
        "diversity": 0.0001963525491562421,
        "meta": 0.00013090169943749476,
        "fusion": 6.545084971874738e-05
      },
      {
        "task": 0.0001,
        "agent": 5e-05,
        "load": 0.00025,
        "diversity": 0.00015,
        "meta": 0.0001,
        "fusion": 5e-05
      },
      {
        "task": 6.909830056250527e-05,
        "agent": 3.4549150281252636e-05,
        "load": 0.00017274575140626317,
        "diversity": 0.0001036474508437579,
        "meta": 6.909830056250527e-05,
        "fusion": 3.4549150281252636e-05
      },
      {
        "task": 4.12214747707527e-05,
        "agent": 2.061073738537635e-05,
        "load": 0.00010305368692688174,
        "diversity": 6.183221215612904e-05,
        "meta": 4.12214747707527e-05,
        "fusion": 2.061073738537635e-05
      },
      {
        "task": 1.9098300562505266e-05,
        "agent": 9.549150281252633e-06,
        "load": 4.7745751406263163e-05,
        "diversity": 2.8647450843757897e-05,
        "meta": 1.9098300562505266e-05,
        "fusion": 9.549150281252633e-06
      },
      {
        "task": 4.8943483704846475e-06,
        "agent": 2.4471741852423237e-06,
        "load": 1.2235870926211617e-05,
        "diversity": 7.34152255572697e-06,
        "meta": 4.8943483704846475e-06,
        "fusion": 2.4471741852423237e-06
      },
      {
        "task": 0.0002,
        "agent": 0.0001,
        "load": 0.0005,
        "diversity": 0.0003,
        "meta": 0.0002,
        "fusion": 0.0001
      },
      {
        "task": 0.00019510565162951537,
        "agent": 9.755282581475769e-05,
        "load": 0.0004877641290737884,
        "diversity": 0.00029265847744427303,
        "meta": 0.00019510565162951537,
        "fusion": 9.755282581475769e-05
      },
      {
        "task": 0.00018090169943749476,
        "agent": 9.045084971874738e-05,
        "load": 0.0004522542485937369,
        "diversity": 0.0002713525491562421,
        "meta": 0.00018090169943749476,
        "fusion": 9.045084971874738e-05
      },
      {
        "task": 0.00015877852522924732,
        "agent": 7.938926261462366e-05,
        "load": 0.0003969463130731183,
        "diversity": 0.00023816778784387094,
        "meta": 0.00015877852522924732,
        "fusion": 7.938926261462366e-05
      },
      {
        "task": 0.00013090169943749476,
        "agent": 6.545084971874738e-05,
        "load": 0.00032725424859373687,
        "diversity": 0.0001963525491562421,
        "meta": 0.00013090169943749476,
        "fusion": 6.545084971874738e-05
      },
      {
        "task": 0.0001,
        "agent": 5e-05,
        "load": 0.00025,
        "diversity": 0.00015,
        "meta": 0.0001,
        "fusion": 5e-05
      }
    ]
  },
  "model_improvements": [
    "Advanced data augmentation (5x training data)",
    "Curriculum learning with adaptive loss weights",
    "Enhanced architectures with attention mechanisms",
    "Improved regularization and gradient clipping",
    "Noisy networks for better exploration",
    "Cosine annealing learning rate schedules",
    "Early stopping with patience",
    "Multiple accuracy tolerance levels"
  ]
}