{
  "interpretability_summary": {
    "total_samples_analyzed": 3,
    "average_confidence": 0.4975786705811818,
    "strategy_distribution": {
      "agile": 3
    },
    "task_type_distribution": {
      "api_development": 3
    },
    "component_influence": {
      "trend_avg": 0.02838454705973466,
      "seasonal_avg": 0.05936454484860102,
      "generic_avg": 0.03202711294094721
    }
  },
  "detailed_analysis": {
    "strategy_recommendations": [
      {
        "recommended_strategy": "agile",
        "confidence": 0.30052536725997925,
        "probabilities": {
          "waterfall": 0.19783219695091248,
          "agile": 0.30052536725997925,
          "feature_driven": 0.2826290428638458,
          "component_based": 0.21901340782642365
        }
      },
      {
        "recommended_strategy": "agile",
        "confidence": 0.30215322971343994,
        "probabilities": {
          "waterfall": 0.20445090532302856,
          "agile": 0.30215322971343994,
          "feature_driven": 0.27067020535469055,
          "component_based": 0.22272564470767975
        }
      },
      {
        "recommended_strategy": "agile",
        "confidence": 0.29232358932495117,
        "probabilities": {
          "waterfall": 0.2167094498872757,
          "agile": 0.29232358932495117,
          "feature_driven": 0.26237598061561584,
          "component_based": 0.22859089076519012
        }
      }
    ],
    "task_type_detections": [
      {
        "detected_type": "api_development",
        "confidence": 0.16687899827957153,
        "probabilities": {
          "web_development": 0.09246856719255447,
          "api_development": 0.16687899827957153,
          "machine_learning": 0.12801069021224976,
          "data_processing": 0.11124823987483978,
          "testing": 0.11523738503456116,
          "enterprise_application": 0.15601052343845367,
          "saas_platform": 0.1060108169913292,
          "mobile_development": 0.1241348385810852
        }
      },
      {
        "detected_type": "api_development",
        "confidence": 0.17860372364521027,
        "probabilities": {
          "web_development": 0.08632507920265198,
          "api_development": 0.17860372364521027,
          "machine_learning": 0.13305294513702393,
          "data_processing": 0.10891401767730713,
          "testing": 0.10942518711090088,
          "enterprise_application": 0.16353066265583038,
          "saas_platform": 0.10071130841970444,
          "mobile_development": 0.11943714320659637
        }
      },
      {
        "detected_type": "api_development",
        "confidence": 0.16278666257858276,
        "probabilities": {
          "web_development": 0.09705489128828049,
          "api_development": 0.16278666257858276,
          "machine_learning": 0.1320696771144867,
          "data_processing": 0.11355377733707428,
          "testing": 0.12102289497852325,
          "enterprise_application": 0.14637848734855652,
          "saas_platform": 0.10791856795549393,
          "mobile_development": 0.1192149668931961
        }
      }
    ],
    "confidence_scores": [
      0.49310335516929626,
      0.5032612085342407,
      0.49637144804000854
    ],
    "feature_importances": [
      1.0,
      1.0,
      1.0
    ],
    "trend_analysis": [
      0.030445585027337074,
      0.036222510039806366,
      0.018485546112060547
    ],
    "seasonal_analysis": [
      0.06415308266878128,
      0.07247814536094666,
      0.041462406516075134
    ],
    "generic_analysis": [
      0.03459019213914871,
      0.03369344770908356,
      0.027797698974609375
    ]
  },
  "generated_at": "2025-06-30T13:50:01.907760",
  "model_info": {
    "total_parameters": 3402673,
    "model_type": "N-BEATS Task Decomposer",
    "interpretability_features": [
      "Strategy recommendation with confidence",
      "Task type detection",
      "Feature importance analysis",
      "Trend/Seasonal/Generic component analysis",
      "Confidence scoring for all predictions"
    ]
  }
}