{
  "training_summary": {
    "final_accuracy": 0.7027075043569008,
    "target_accuracy": 0.88,
    "target_met": false,
    "training_epochs": 75,
    "model_parameters": 3402673,
    "training_samples": 10,
    "validation_samples": 3
  },
  "detailed_metrics": {
    "complexity_accuracies": 0.9048619841535886,
    "duration_accuracies": 0.0,
    "dependency_accuracies": 1.0,
    "count_accuracies": 0.906705399354299,
    "overall_accuracies": 0.7027075043569008
  },
  "training_history": {
    "train_losses": [
      24.01766058206558,
      22.775538980960846,
      20.999041271209716,
      20.80246798992157,
      21.193895590305328,
      20.83397216796875,
      20.710552537441252,
      20.21344984769821,
      20.553645431995392,
      19.989298164844513,
      20.235282671451568,
      19.405196726322174,
      18.789164686203,
      18.60947827100754,
      18.043459379673003,
      17.179657924175263,
      15.921139597892761,
      15.88077187538147,
      15.193799781799317,
      18.228747069835663,
      16.389726603031157,
      16.08538508415222,
      15.262081849575043,
      15.929204094409943,
      15.328775882720947,
      14.746092176437378,
      15.093132388591766,
      12.096898019313812,
      10.886330157518387,
      10.79163682460785,
      10.19631661772728,
      9.322290962934494,
      9.483426350355149,
      10.259868639707566,
      9.552302253246307,
      9.140890276432037,
      9.00303936600685,
      9.872055423259734,
      9.861768567562104,
      9.860023468732834,
      9.237171977758408,
      11.203501212596894,
      12.360638785362244,
      9.84233291745186,
      8.83308442234993,
      10.458784121274949,
      11.09672577381134,
      10.73276869058609,
      11.824183005094529,
      9.217963093519211,
      9.741340160369873,
      9.502761137485503,
      9.16043484210968,
      8.421775627136231,
      8.080351145192981,
      7.146350073814392,
      6.536660280823708,
      6.445582083240152,
      7.119656530022621,
      6.447895828448236,
      7.6119023729115725,
      6.675975593179464,
      6.587612580880522,
      6.219671543501318,
      5.993402405083179,
      6.276346968114376,
      6.828774841502309,
      14.88651025146246,
      6.191241444461047,
      6.361740202084183,
      6.369942753948271,
      5.987917276471853,
      6.437903198041022,
      6.519216018915176,
      6.0861180808395146
    ],
    "val_losses": [
      4.113427956899007,
      3.750829299290975,
      3.807612657546997,
      3.1218837102254233,
      3.105616331100464,
      3.114983002344767,
      3.3241569995880127,
      3.07851505279541,
      2.9826886653900146,
      4.300150076548259,
      3.2155866622924805,
      3.8355016708374023,
      3.0803980032602944,
      3.12411101659139,
      4.158963282903035,
      2.9414775371551514,
      4.557086070378621,
      2.8723412354787192,
      3.6280580361684165,
      2.878394524256388,
      3.1335389614105225,
      3.210850477218628,
      2.983622392018636,
      2.885169188181559,
      3.3626389503479004,
      2.0274303356806436,
      2.1836853424708047,
      2.618076761563619,
      2.1795232693354287,
      2.17609703540802,
      2.0319443146387735,
      2.2120510737101235,
      2.043039878209432,
      2.0305346250534058,
      2.0717248916625977,
      2.0211869875590005,
      2.0362762610117593,
      2.064911683400472,
      1.9893624782562256,
      2.2315717140833535,
      2.1079376935958862,
      2.034035603205363,
      2.291920781135559,
      1.9630153576533,
      3.0368692874908447,
      2.176120320955912,
      2.00395139058431,
      4.412282228469849,
      2.1099323829015098,
      1.9615124066670735,
      2.775323669115702,
      1.893304467201233,
      1.5496975978215535,
      1.1069538692633312,
      1.0331034064292908,
      1.109270453453064,
      1.0925285418828328,
      1.1340675552686055,
      1.017184555530548,
      1.0801759163538616,
      1.9228171507517497,
      1.1227092146873474,
      1.0721122821172078,
      1.0325404206911724,
      1.2707221110661824,
      1.2382525205612183,
      0.9641683797041575,
      1.0509432156880696,
      1.0582057237625122,
      1.1404308875401814,
      2.2169837156931558,
      0.9887388944625854,
      1.311211109161377,
      1.4918835957845051,
      1.9360597531000774
    ],
    "best_val_loss": 0.9641683797041575
  },
  "interpretability_summary": {
    "total_samples_analyzed": 3,
    "average_confidence": 0.4975786705811818,
    "strategy_distribution": {
      "agile": 3
    },
    "task_type_distribution": {
      "api_development": 3
    },
    "component_influence": {
      "trend_avg": 0.02838454705973466,
      "seasonal_avg": 0.05936454484860102,
      "generic_avg": 0.03202711294094721
    }
  },
  "model_config": {
    "input_size": 64,
    "max_subtasks": 16,
    "hidden_size": 256,
    "num_strategies": 4,
    "num_task_types": 8
  },
  "training_metadata": {
    "training_date": "2025-06-30T13:50:01.835073",
    "target_accuracy": 0.88,
    "achieved_accuracy": 0.7027075043569008,
    "target_met": false,
    "training_epochs": 75,
    "model_parameters": 3402673,
    "device_used": "cpu"
  }
}