{
  "final_accuracy": 0.834805354475975,
  "target_met": false,
  "train_losses": [
    46.52013111114502,
    34.37717628479004,
    31.58867359161377,
    12.287618160247803,
    15.278438568115234,
    9.53093159198761,
    7.67517626285553,
    7.576653480529785,
    9.065263032913208,
    10.771226406097412,
    5.464034080505371,
    9.49230670928955,
    9.050553321838379,
    5.788055419921875,
    5.700800180435181,
    4.489775776863098,
    5.315161108970642,
    4.691222906112671,
    5.082509160041809,
    5.117053031921387,
    3.2940704822540283,
    3.5596052408218384,
    4.079182863235474,
    9.499137163162231,
    4.5674744844436646,
    2.6431360244750977,
    3.8895426392555237,
    3.7612993717193604,
    3.6307961344718933,
    2.7081493139266968,
    3.3217800855636597,
    10.020737171173096,
    3.776974678039551,
    4.263459861278534,
    4.608579516410828,
    8.875979900360107,
    4.865475952625275,
    7.646333813667297,
    2.1966638565063477,
    9.445387125015259,
    2.9928689002990723,
    4.300979733467102,
    4.58227413892746,
    3.4648523330688477,
    4.4700135588645935,
    2.4585143327713013,
    3.4352715611457825,
    9.21719878911972,
    9.696467697620392,
    2.8379255533218384
  ],
  "val_losses": [
    6.8778977394104,
    6.665284633636475,
    6.3623199462890625,
    5.911674499511719,
    5.398374557495117,
    4.807060718536377,
    4.2557148933410645,
    3.831552505493164,
    3.517317533493042,
    3.3431122303009033,
    3.331667423248291,
    3.433417558670044,
    3.489307165145874,
    3.5669476985931396,
    3.6117336750030518,
    3.641659736633301,
    3.535829544067383,
    3.5452468395233154,
    3.3697397708892822,
    3.2902767658233643,
    3.1806304454803467,
    3.095200300216675,
    3.014281988143921,
    3.1282296180725098,
    3.2181334495544434,
    3.2778172492980957,
    3.2426605224609375,
    3.1818792819976807,
    3.094926595687866,
    3.062516212463379,
    2.8991942405700684,
    2.961594581604004,
    2.8708596229553223,
    2.6886909008026123,
    2.536489963531494,
    2.5964457988739014,
    2.485856533050537,
    2.4648754596710205,
    2.379455804824829,
    2.445535898208618,
    2.4816534519195557,
    2.3391242027282715,
    2.1602439880371094,
    2.289600133895874,
    2.422745704650879,
    2.4457480907440186,
    2.413233995437622,
    2.3904471397399902,
    2.433323621749878,
    2.5863559246063232
  ],
  "best_val_loss": 2.1602439880371094,
  "model_parameters": 618785
}